{
  "swagger" : "2.0",
  "info" : {
    "description" : "TODO: Add Description",
    "version" : "1.0",
    "title" : "Swagger-API",
    "contact" : { }
  },
  "host" : "localhost",
  "basePath" : "/todolist",
  "tags" : [ {
    "name" : "Misc",
    "description" : ""
  } ],
  "schemes" : [ "http" ],
  "consumes" : [ "application/json" ],
  "produces" : [ "application/json" ],
  "paths" : {
    "/create-task" : {
      "post" : {
        "tags" : [ "Misc" ],
        "summary" : "Create Task",
        "description" : "Create new task",
        "operationId" : "CreateTaskPost",
        "consumes" : [ "application/x-www-form-urlencoded" ],
        "produces" : [ "application/json" ],
        "parameters" : [ {
          "name" : "Content-Type",
          "in" : "header",
          "description" : "",
          "required" : true,
          "type" : "string"
        }, {
          "name" : "Accept",
          "in" : "header",
          "description" : "",
          "required" : true,
          "type" : "string"
        }, {
          "name" : "task_name",
          "in" : "formData",
          "description" : "Required field",
          "required" : true,
          "type" : "string"
        }, {
          "name" : "description",
          "in" : "formData",
          "description" : "Required field",
          "required" : true,
          "type" : "string"
        }, {
          "name" : "user_id",
          "in" : "formData",
          "description" : "Required field",
          "required" : true,
          "type" : "string"
        }, {
          "name" : "list_name",
          "in" : "formData",
          "description" : "Required field",
          "required" : true,
          "type" : "string"
        }, {
          "name" : "start_date",
          "in" : "formData",
          "description" : "Required field, date format - YYYY-MM-DD H:i:s",
          "required" : true,
          "type" : "string"
        }, {
          "name" : "end_date",
          "in" : "formData",
          "description" : "Required field, date format - YYYY-MM-DD H:i:s",
          "required" : true,
          "type" : "string"
        } ],
        "responses" : {
          "200" : {
            "description" : "",
            "headers" : { }
          }
        }
      }
    },
    "/get-task-list" : {
      "get" : {
        "tags" : [ "Misc" ],
        "summary" : "Get task list",
        "description" : "Get task list as per user id",
        "operationId" : "GetTaskListGet",
        "produces" : [ "application/json" ],
        "parameters" : [ {
          "name" : "page_no",
          "in" : "query",
          "description" : "",
          "required" : true,
          "type" : "integer",
          "format" : "int32"
        }, {
          "name" : "user_id",
          "in" : "query",
          "description" : "",
          "required" : true,
          "type" : "integer",
          "format" : "int32"
        }, {
          "name" : "Content-Type",
          "in" : "header",
          "description" : "",
          "required" : true,
          "type" : "string"
        }, {
          "name" : "Accept",
          "in" : "header",
          "description" : "",
          "required" : true,
          "type" : "string"
        } ],
        "responses" : {
          "200" : {
            "description" : "",
            "headers" : { }
          }
        }
      }
    },
    "/get-task-status" : {
      "get" : {
        "tags" : [ "Misc" ],
        "summary" : "Get Task Status",
        "description" : "Get task status as per user and task ID",
        "operationId" : "GetTaskStatusGet",
        "produces" : [ "application/json" ],
        "parameters" : [ {
          "name" : "user_id",
          "in" : "query",
          "description" : "",
          "required" : true,
          "type" : "integer",
          "format" : "int32"
        }, {
          "name" : "task_id",
          "in" : "query",
          "description" : "",
          "required" : true,
          "type" : "integer",
          "format" : "int32"
        }, {
          "name" : "Content-Type",
          "in" : "header",
          "description" : "",
          "required" : true,
          "type" : "string"
        }, {
          "name" : "Accept",
          "in" : "header",
          "description" : "",
          "required" : true,
          "type" : "string"
        } ],
        "responses" : {
          "200" : {
            "description" : "",
            "headers" : { }
          }
        }
      }
    },
    "/update-task-satus" : {
      "post" : {
        "tags" : [ "Misc" ],
        "summary" : "Update task status",
        "description" : "update task status as per user and task ID",
        "operationId" : "UpdateTaskSatusPost",
        "consumes" : [ "application/x-www-form-urlencoded" ],
        "produces" : [ "application/json" ],
        "parameters" : [ {
          "name" : "Content-Type",
          "in" : "header",
          "description" : "",
          "required" : true,
          "type" : "string"
        }, {
          "name" : "Accept",
          "in" : "header",
          "description" : "",
          "required" : true,
          "type" : "string"
        }, {
          "name" : "user_id",
          "in" : "formData",
          "description" : "Required field",
          "required" : true,
          "type" : "string"
        }, {
          "name" : "task_id",
          "in" : "formData",
          "description" : "Required field",
          "required" : true,
          "type" : "string"
        }, {
          "name" : "status",
          "in" : "formData",
          "description" : "Required field, possible values - NOT-STARTED,STARTED,IN-PROGRESS,CANCELED,COMPLETE",
          "required" : true,
          "type" : "string"
        } ],
        "responses" : {
          "200" : {
            "description" : "",
            "headers" : { }
          }
        }
      }
    }
  },
  "definitions" : { }
}